Category,Endpoint,Method,Description,Request Body,Response,Authentication,Role Required,Status Codes,Notes
Authentication,/api/auth/register,POST,User registration,"{""username"": ""string"", ""email"": ""string"", ""password"": ""string"", ""fullName"": ""string"", ""phone"": ""string"", ""dateOfBirth"": ""date"", ""gender"": ""int""}","{""code"": 201, ""message"": ""User registered successfully"", ""result"": {""user"": {""id"": 1, ""username"": ""user1"", ""email"": ""user@email.com"", ""role"": 1}, ""token"": ""jwt_token""}}",None,None,"201: Created, 400: Bad Request, 409: Email/Username exists",Email verification required
Authentication,/api/auth/login,POST,User login,"{""email"": ""string"", ""password"": ""string""}","{""success"": true, ""user"": {""id"": 1, ""username"": ""user1"", ""email"": ""user@email.com"", ""role"": 1}, ""token"": ""jwt_token"", ""refreshToken"": ""refresh_token""}",None,None,"200: Success, 401: Invalid credentials, 423: Account locked",Update LastLogin timestamp
Authentication,/api/auth/logout,POST,User logout,"{""refreshToken"": ""string""}","{""success"": true, ""message"": ""Logged out successfully""}",Bearer Token,Any,"200: Success, 401: Unauthorized",Invalidate refresh token
Authentication,/api/auth/refresh,POST,Refresh access token,"{""refreshToken"": ""string""}","{""success"": true, ""token"": ""new_jwt_token"", ""refreshToken"": ""new_refresh_token""}",None,None,"200: Success, 401: Invalid refresh token",Generate new token pair
Authentication,/api/auth/forgot-password,POST,Request password reset,"{""email"": ""string""}","{""success"": true, ""message"": ""Reset link sent to email""}",None,None,"200: Success, 404: Email not found",Send reset email with token
Authentication,/api/auth/reset-password,POST,Reset password with token,"{""token"": ""string"", ""newPassword"": ""string""}","{""success"": true, ""message"": ""Password reset successfully""}",None,None,"200: Success, 400: Invalid/expired token",Clear reset token after use
Authentication,/api/auth/verify-email,POST,Verify email address,"{""token"": ""string""}","{""success"": true, ""message"": ""Email verified successfully""}",None,None,"200: Success, 400: Invalid/expired token",Update EmailVerified flag
Authentication,/api/auth/resend-verification,POST,Resend verification email,"{""email"": ""string""}","{""success"": true, ""message"": ""Verification email sent""}",None,None,"200: Success, 400: Already verified, 404: User not found",Generate new verification token

Users,/api/users/profile,GET,Get current user profile,None,"{""id"": 1, ""username"": ""user1"", ""email"": ""user@email.com"", ""fullName"": ""John Doe"", ""phone"": ""0123456789"", ""avatar"": ""url"", ""role"": 1, ""isActive"": true, ""emailVerified"": true}",Bearer Token,Any,"200: Success, 401: Unauthorized",Include user preferences and settings
Users,/api/users/profile,PUT,Update user profile,"{""fullName"": ""string"", ""phone"": ""string"", ""avatar"": ""string"", ""dateOfBirth"": ""date"", ""gender"": ""int"", ""address"": ""string"", ""socialLinks"": {}, ""notificationPreferences"": {}}","{""success"": true, ""user"": {""updated_user_data""}}",Bearer Token,Any,"200: Success, 400: Invalid data, 401: Unauthorized",Validate phone format and other fields
Users,/api/users/change-password,PUT,Change user password,"{""currentPassword"": ""string"", ""newPassword"": ""string""}","{""success"": true, ""message"": ""Password changed successfully""}",Bearer Token,Any,"200: Success, 400: Invalid current password, 401: Unauthorized",Hash new password before saving
Users,/api/users/upload-avatar,POST,Upload user avatar,FormData with image file,"{""success"": true, ""avatarUrl"": ""https://cdn.example.com/avatar.jpg""}",Bearer Token,Any,"200: Success, 400: Invalid file, 413: File too large",Support JPG/PNG, max 5MB
Users,/api/users/:id,GET,Get user by ID (public info),None,"{""id"": 1, ""username"": ""user1"", ""fullName"": ""John Doe"", ""avatar"": ""url"", ""isOnline"": true, ""lastLogin"": ""datetime""}",None,None,"200: Success, 404: User not found",Public profile info only
Users,/api/users/search,GET,Search users,Query: ?q=keyword&limit=20&offset=0,"{""users"": [{""id"": 1, ""username"": ""user1"", ""fullName"": ""John Doe"", ""avatar"": ""url""}], ""total"": 50, ""hasMore"": true}",Bearer Token,Any,"200: Success, 401: Unauthorized",Search by username or fullName

Courses,/api/courses,GET,Get all courses with filters,"Query: ?category=1&level=2&isFree=true&search=math&limit=20&offset=0&sortBy=rating&sortOrder=desc","{""courses"": [{""id"": 1, ""title"": ""Course Title"", ""description"": ""Description"", ""thumbnail"": ""url"", ""instructorId"": 1, ""instructor"": {""name"": ""John Doe"", ""avatar"": ""url""}, ""categoryId"": 1, ""category"": {""name"": ""Math""}, ""level"": 1, ""isFree"": true, ""price"": 0, ""rating"": 4.5, ""totalReviews"": 100, ""totalStudents"": 500, ""totalLessons"": 20, ""isPublished"": true}], ""total"": 50, ""hasMore"": true}",None,None,"200: Success, 400: Invalid parameters",Support pagination and filtering
Courses,/api/courses/:id,GET,Get course details,None,"{""id"": 1, ""title"": ""Course Title"", ""description"": ""Description"", ""thumbnail"": ""url"", ""instructorId"": 1, ""instructor"": {""id"": 1, ""name"": ""John Doe"", ""avatar"": ""url"", ""bio"": ""Instructor bio""}, ""categoryId"": 1, ""category"": {""name"": ""Math""}, ""level"": 1, ""isFree"": true, ""price"": 0, ""rating"": 4.5, ""totalReviews"": 100, ""totalStudents"": 500, ""lessons"": [{""id"": 1, ""title"": ""Lesson 1"", ""description"": ""Lesson desc"", ""videoUrl"": ""url"", ""videoDuration"": 1800, ""lessonOrder"": 1, ""isPublished"": true}], ""isEnrolled"": false, ""createdAt"": ""datetime"", ""updatedAt"": ""datetime""}",Optional Bearer Token,None,"200: Success, 404: Course not found",Include enrollment status if authenticated
Courses,/api/courses,POST,Create new course,"{""title"": ""string"", ""description"": ""string"", ""thumbnail"": ""string"", ""categoryId"": ""int"", ""level"": ""int"", ""isFree"": ""boolean"", ""price"": ""decimal"", ""staticPagePath"": ""string""}","{""success"": true, ""course"": {""id"": 1, ""title"": ""Course Title"", ""approvalStatus"": ""draft""}}",Bearer Token,Instructor/Admin,"201: Created, 400: Invalid data, 401: Unauthorized, 403: Forbidden",Set approval status to draft
Courses,/api/courses/:id,PUT,Update course,"{""title"": ""string"", ""description"": ""string"", ""thumbnail"": ""string"", ""categoryId"": ""int"", ""level"": ""int"", ""isFree"": ""boolean"", ""price"": ""decimal""}","{""success"": true, ""course"": {""updated_course_data""}}",Bearer Token,Instructor/Admin,"200: Success, 400: Invalid data, 401: Unauthorized, 403: Forbidden, 404: Course not found",Only course owner or admin can update
Courses,/api/courses/:id,DELETE,Delete course,None,"{""success"": true, ""message"": ""Course deleted successfully""}",Bearer Token,Instructor/Admin,"200: Success, 401: Unauthorized, 403: Forbidden, 404: Course not found",Soft delete - set IsActive to false
Courses,/api/courses/:id/submit,PUT,Submit course for review,None,"{""success"": true, ""message"": ""Course submitted for review"", ""approvalStatus"": ""pending""}",Bearer Token,Instructor,"200: Success, 400: Course not ready, 401: Unauthorized, 403: Forbidden, 404: Course not found",Change approval status to pending
Courses,/api/courses/:id/enroll,POST,Enroll in course,None,"{""success"": true, ""enrollment"": {""id"": 1, ""courseId"": 1, ""userId"": 1, ""enrolledAt"": ""datetime"", ""progressPercentage"": 0}}",Bearer Token,Student,"201: Created, 400: Already enrolled, 401: Unauthorized, 402: Payment required, 404: Course not found",Check if course is free or payment required
Courses,/api/courses/:id/unenroll,DELETE,Unenroll from course,None,"{""success"": true, ""message"": ""Unenrolled successfully""}",Bearer Token,Student,"200: Success, 401: Unauthorized, 404: Enrollment not found",Set enrollment IsActive to false
Courses,/api/courses/my-courses,GET,Get user's enrolled courses,Query: ?status=active&limit=20&offset=0,"{""enrollments"": [{""id"": 1, ""course"": {""course_data""}, ""enrolledAt"": ""datetime"", ""progressPercentage"": 75, ""completedAt"": null, ""isActive"": true}], ""total"": 10, ""hasMore"": false}",Bearer Token,Student,"200: Success, 401: Unauthorized",Include progress information

Lessons,/api/courses/:courseId/lessons,GET,Get course lessons,None,"{""lessons"": [{""id"": 1, ""title"": ""Lesson Title"", ""description"": ""Description"", ""videoUrl"": ""url"", ""videoDuration"": 1800, ""contentText"": ""Content"", ""lessonOrder"": 1, ""isPublished"": true, ""materials"": [{""id"": 1, ""title"": ""Material"", ""filePath"": ""url"", ""fileType"": ""pdf""}]}]}",Bearer Token,Student,"200: Success, 401: Unauthorized, 403: Not enrolled, 404: Course not found",Check enrollment before access
Lessons,/api/lessons/:id,GET,Get lesson details,None,"{""id"": 1, ""courseId"": 1, ""title"": ""Lesson Title"", ""description"": ""Description"", ""videoUrl"": ""url"", ""videoDuration"": 1800, ""contentText"": ""Content"", ""lessonOrder"": 1, ""isPublished"": true, ""materials"": [], ""assignments"": [], ""userProgress"": {""isCompleted"": false, ""watchTime"": 900, ""lastAccessed"": ""datetime""}}",Bearer Token,Student,"200: Success, 401: Unauthorized, 403: Not enrolled, 404: Lesson not found",Include user progress if enrolled
Lessons,/api/lessons,POST,Create new lesson,"{""courseId"": ""int"", ""title"": ""string"", ""description"": ""string"", ""videoUrl"": ""string"", ""videoDuration"": ""int"", ""contentText"": ""string"", ""lessonOrder"": ""int"", ""staticPagePath"": ""string""}","{""success"": true, ""lesson"": {""id"": 1, ""title"": ""Lesson Title""}}",Bearer Token,Instructor,"201: Created, 400: Invalid data, 401: Unauthorized, 403: Forbidden",Only course owner can create lessons
Lessons,/api/lessons/:id,PUT,Update lesson,"{""title"": ""string"", ""description"": ""string"", ""videoUrl"": ""string"", ""videoDuration"": ""int"", ""contentText"": ""string"", ""lessonOrder"": ""int"", ""isPublished"": ""boolean""}","{""success"": true, ""lesson"": {""updated_lesson_data""}}",Bearer Token,Instructor,"200: Success, 400: Invalid data, 401: Unauthorized, 403: Forbidden, 404: Lesson not found",Only course owner can update
Lessons,/api/lessons/:id,DELETE,Delete lesson,None,"{""success"": true, ""message"": ""Lesson deleted successfully""}",Bearer Token,Instructor,"200: Success, 401: Unauthorized, 403: Forbidden, 404: Lesson not found",Cascade delete assignments and materials
Lessons,/api/lessons/:id/progress,POST,Update lesson progress,"{""watchTime"": ""int"", ""isCompleted"": ""boolean"", ""videoPosition"": ""int""}","{""success"": true, ""progress"": {""watchTime"": 1800, ""isCompleted"": true, ""completedAt"": ""datetime""}}",Bearer Token,Student,"200: Success, 401: Unauthorized, 403: Not enrolled, 404: Lesson not found",Update user progress and course progress percentage

Assignments,/api/assignments,GET,Get assignments with filters,Query: ?courseId=1&lessonId=1&type=1&isPublished=true&limit=20&offset=0,"{""assignments"": [{""id"": 1, ""title"": ""Assignment Title"", ""description"": ""Description"", ""courseId"": 1, ""lessonId"": 1, ""assignmentType"": 1, ""maxScore"": 10, ""timeLimit"": 3600, ""maxAttempts"": 3, ""dueDate"": ""datetime"", ""isPublished"": true, ""totalQuestions"": 10}], ""total"": 5, ""hasMore"": false}",Bearer Token,Student,"200: Success, 401: Unauthorized",Filter by course/lesson if provided
Assignments,/api/assignments/:id,GET,Get assignment details,None,"{""id"": 1, ""title"": ""Assignment Title"", ""description"": ""Description"", ""courseId"": 1, ""lessonId"": 1, ""assignmentType"": 1, ""maxScore"": 10, ""timeLimit"": 3600, ""maxAttempts"": 3, ""showAnswersAfter"": 1, ""dueDate"": ""datetime"", ""isPublished"": true, ""questions"": [{""id"": 1, ""questionContent"": ""Question text"", ""questionType"": 1, ""difficultyLevel"": 1, ""points"": [0.25], ""options"": [{""id"": 1, ""optionContent"": ""Option A"", ""isCorrect"": true}]}], ""userAttempts"": 2, ""bestScore"": 8.5}",Bearer Token,Student,"200: Success, 401: Unauthorized, 403: Not enrolled, 404: Assignment not found",Include user attempts if any
Assignments,/api/assignments,POST,Create new assignment,"{""title"": ""string"", ""description"": ""string"", ""lessonId"": ""int"", ""assignmentType"": ""int"", ""maxScore"": ""int"", ""timeLimit"": ""int"", ""maxAttempts"": ""int"", ""showAnswersAfter"": ""int"", ""dueDate"": ""datetime"", ""isPublished"": ""boolean""}","{""success"": true, ""assignment"": {""id"": 1, ""title"": ""Assignment Title""}}",Bearer Token,Instructor,"201: Created, 400: Invalid data, 401: Unauthorized, 403: Forbidden",Only course owner can create assignments
Assignments,/api/assignments/:id,PUT,Update assignment,"{""title"": ""string"", ""description"": ""string"", ""assignmentType"": ""int"", ""maxScore"": ""int"", ""timeLimit"": ""int"", ""maxAttempts"": ""int"", ""showAnswersAfter"": ""int"", ""dueDate"": ""datetime"", ""isPublished"": ""boolean""}","{""success"": true, ""assignment"": {""updated_assignment_data""}}",Bearer Token,Instructor,"200: Success, 400: Invalid data, 401: Unauthorized, 403: Forbidden, 404: Assignment not found",Only assignment owner can update
Assignments,/api/assignments/:id,DELETE,Delete assignment,None,"{""success"": true, ""message"": ""Assignment deleted successfully""}",Bearer Token,Instructor,"200: Success, 401: Unauthorized, 403: Forbidden, 404: Assignment not found",Cascade delete questions and attempts
Assignments,/api/assignments/:id/start,POST,Start assignment attempt,None,"{""success"": true, ""attempt"": {""id"": 1, ""assignmentId"": 1, ""userId"": 1, ""attemptNumber"": 1, ""startedAt"": ""datetime"", ""timeRemaining"": 3600}}",Bearer Token,Student,"201: Created, 400: Max attempts reached, 401: Unauthorized, 403: Not enrolled, 404: Assignment not found",Check attempt limits and enrollment
Assignments,/api/assignments/:id/submit,POST,Submit assignment attempt,"{""attemptId"": ""int"", ""answers"": [{""questionId"": 1, ""optionId"": 1, ""answerText"": ""text""}]}","{""success"": true, ""attempt"": {""id"": 1, ""score"": 8.5, ""isCompleted"": true, ""submittedAt"": ""datetime"", ""timeSpent"": 1800, ""answers"": [{""questionId"": 1, ""isCorrect"": true, ""pointsEarned"": 0.25}]}}",Bearer Token,Student,"200: Success, 400: Invalid attempt, 401: Unauthorized, 404: Assignment/Attempt not found",Auto-grade and calculate score
Assignments,/api/assignments/:id/attempts,GET,Get user attempts for assignment,None,"{""attempts"": [{""id"": 1, ""attemptNumber"": 1, ""startedAt"": ""datetime"", ""submittedAt"": ""datetime"", ""score"": 8.5, ""isCompleted"": true, ""timeSpent"": 1800}]}",Bearer Token,Student,"200: Success, 401: Unauthorized, 404: Assignment not found",Show user's own attempts only

Questions,/api/assignments/:assignmentId/questions,GET,Get assignment questions,None,"{""questions"": [{""id"": 1, ""questionContent"": ""Question text"", ""questionType"": 1, ""difficultyLevel"": 1, ""points"": [0.25], ""questionImage"": ""url"", ""options"": [{""id"": 1, ""optionContent"": ""Option A"", ""orderIndex"": 1}]}]}",Bearer Token,Student,"200: Success, 401: Unauthorized, 403: Not enrolled, 404: Assignment not found",Don't include correct answers until after submission
Questions,/api/questions,POST,Create new question,"{""assignmentId"": ""int"", ""questionContent"": ""string"", ""questionType"": ""int"", ""difficultyLevel"": ""int"", ""points"": [0.25], ""explanationContent"": ""string"", ""questionImage"": ""string"", ""options"": [{""optionContent"": ""string"", ""isCorrect"": ""boolean"", ""orderIndex"": ""int""}]}","{""success"": true, ""question"": {""id"": 1, ""questionContent"": ""Question text""}}",Bearer Token,Instructor,"201: Created, 400: Invalid data, 401: Unauthorized, 403: Forbidden",Only assignment owner can create questions
Questions,/api/questions/:id,PUT,Update question,"{""questionContent"": ""string"", ""questionType"": ""int"", ""difficultyLevel"": ""int"", ""points"": [0.25], ""explanationContent"": ""string"", ""questionImage"": ""string""}","{""success"": true, ""question"": {""updated_question_data""}}",Bearer Token,Instructor,"200: Success, 400: Invalid data, 401: Unauthorized, 403: Forbidden, 404: Question not found",Only question owner can update
Questions,/api/questions/:id,DELETE,Delete question,None,"{""success"": true, ""message"": ""Question deleted successfully""}",Bearer Token,Instructor,"200: Success, 401: Unauthorized, 403: Forbidden, 404: Question not found",Cascade delete options and answers
Questions,/api/questions/:id/options,POST,Add question option,"{""optionContent"": ""string"", ""isCorrect"": ""boolean"", ""orderIndex"": ""int"", ""optionImage"": ""string"", ""pointsValue"": ""decimal"", ""explanationText"": ""string""}","{""success"": true, ""option"": {""id"": 1, ""optionContent"": ""Option text""}}",Bearer Token,Instructor,"201: Created, 400: Invalid data, 401: Unauthorized, 403: Forbidden",Only question owner can add options
Questions,/api/questions/:questionId/options/:optionId,PUT,Update question option,"{""optionContent"": ""string"", ""isCorrect"": ""boolean"", ""orderIndex"": ""int"", ""optionImage"": ""string"", ""pointsValue"": ""decimal"", ""explanationText"": ""string""}","{""success"": true, ""option"": {""updated_option_data""}}",Bearer Token,Instructor,"200: Success, 400: Invalid data, 401: Unauthorized, 403: Forbidden, 404: Option not found",Only question owner can update options
Questions,/api/questions/:questionId/options/:optionId,DELETE,Delete question option,None,"{""success"": true, ""message"": ""Option deleted successfully""}",Bearer Token,Instructor,"200: Success, 401: Unauthorized, 403: Forbidden, 404: Option not found",Ensure at least one option remains

Books,/api/books,GET,Get all books with filters,Query: ?category=1&search=math&limit=20&offset=0&sortBy=price&sortOrder=asc,"{""books"": [{""id"": 1, ""title"": ""Book Title"", ""description"": ""Description"", ""authorId"": 1, ""author"": {""name"": ""Author Name""}, ""isbn"": ""978-0123456789"", ""coverImage"": ""url"", ""price"": 299000, ""categoryId"": 1, ""category"": {""name"": ""Math""}, ""totalQuestions"": 500, ""isActive"": true, ""rating"": 4.3, ""totalReviews"": 50}], ""total"": 20, ""hasMore"": true}",None,None,"200: Success, 400: Invalid parameters",Public endpoint with filtering
Books,/api/books/:id,GET,Get book details,None,"{""id"": 1, ""title"": ""Book Title"", ""description"": ""Description"", ""authorId"": 1, ""author"": {""id"": 1, ""name"": ""Author Name"", ""bio"": ""Author bio""}, ""isbn"": ""978-0123456789"", ""coverImage"": ""url"", ""price"": 299000, ""categoryId"": 1, ""category"": {""name"": ""Math""}, ""totalQuestions"": 500, ""isActive"": true, ""chapters"": [{""id"": 1, ""title"": ""Chapter 1"", ""description"": ""Chapter desc"", ""orderIndex"": 1}], ""isOwned"": false, ""createdAt"": ""datetime""}",Optional Bearer Token,None,"200: Success, 404: Book not found",Include ownership status if authenticated
Books,/api/books,POST,Create new book,"{""title"": ""string"", ""description"": ""string"", ""isbn"": ""string"", ""coverImage"": ""string"", ""price"": ""decimal"", ""categoryId"": ""int"", ""ebookFile"": ""string"", ""staticPagePath"": ""string""}","{""success"": true, ""book"": {""id"": 1, ""title"": ""Book Title"", ""approvalStatus"": ""draft""}}",Bearer Token,Instructor/Admin,"201: Created, 400: Invalid data, 401: Unauthorized, 403: Forbidden",Set approval status to draft
Books,/api/books/:id,PUT,Update book,"{""title"": ""string"", ""description"": ""string"", ""coverImage"": ""string"", ""price"": ""decimal"", ""categoryId"": ""int"", ""ebookFile"": ""string""}","{""success"": true, ""book"": {""updated_book_data""}}",Bearer Token,Instructor/Admin,"200: Success, 400: Invalid data, 401: Unauthorized, 403: Forbidden, 404: Book not found",Only book owner or admin can update
Books,/api/books/:id,DELETE,Delete book,None,"{""success"": true, ""message"": ""Book deleted successfully""}",Bearer Token,Instructor/Admin,"200: Success, 401: Unauthorized, 403: Forbidden, 404: Book not found",Soft delete - set IsActive to false
Books,/api/books/activate,POST,Activate book with code,"{""activationCode"": ""string"", ""questionId"": ""string""}","{""success"": true, ""userBook"": {""id"": 1, ""bookId"": 1, ""book"": {""title"": ""Book Title""}, ""expiresAt"": ""datetime"", ""isActive"": true}, ""accessUrl"": ""url""}",Bearer Token,Student,"200: Success, 400: Invalid/used code, 401: Unauthorized, 404: Code not found",Mark code as used and create UserBook record
Books,/api/books/my-books,GET,Get user's activated books,Query: ?limit=20&offset=0,"{""userBooks"": [{""id"": 1, ""book"": {""book_data""}, ""activatedAt"": ""datetime"", ""expiresAt"": ""datetime"", ""isActive"": true}], ""total"": 5, ""hasMore"": false}",Bearer Token,Student,"200: Success, 401: Unauthorized",Show user's owned books only
Books,/api/books/:id/chapters,GET,Get book chapters,None,"{""chapters"": [{""id"": 1, ""title"": ""Chapter Title"", ""description"": ""Description"", ""orderIndex"": 1, ""questionCount"": 25}]}",Bearer Token,Student,"200: Success, 401: Unauthorized, 403: Book not owned, 404: Book not found",Check book ownership
Books,/api/books/:bookId/chapters/:chapterId/questions,GET,Get chapter questions,Query: ?limit=20&offset=0,"{""questions"": [{""id"": 1, ""questionImage"": ""url"", ""difficultyLevel"": 1, ""questionType"": 1, ""correctAnswer"": ""A"", ""answerListImage"": ""url"", ""explanationImage"": ""url"", ""videoUrl"": ""url""}], ""total"": 25, ""hasMore"": true}",Bearer Token,Student,"200: Success, 401: Unauthorized, 403: Book not owned, 404: Chapter not found",Include solutions for owned books

Live Classes,/api/live-classes,GET,Get live classes with filters,Query: ?courseId=1&status=1&upcoming=true&limit=20&offset=0,"{""liveClasses"": [{""id"": 1, ""courseId"": 1, ""course"": {""title"": ""Course Title""}, ""instructorId"": 1, ""instructor"": {""name"": ""Instructor Name""}, ""title"": ""Live Class Title"", ""description"": ""Description"", ""scheduledAt"": ""datetime"", ""durationMinutes"": 60, ""maxParticipants"": 100, ""status"": 1, ""attendeeCount"": 45, ""meetingUrl"": ""url""}], ""total"": 10, ""hasMore"": false}",Bearer Token,Student,"200: Success, 401: Unauthorized",Filter by enrollment if courseId provided
Live Classes,/api/live-classes/:id,GET,Get live class details,None,"{""id"": 1, ""courseId"": 1, ""instructorId"": 1, ""title"": ""Live Class Title"", ""description"": ""Description"", ""meetingUrl"": ""url"", ""meetingId"": ""meeting123"", ""meetingPassword"": ""password"", ""scheduledAt"": ""datetime"", ""durationMinutes"": 60, ""maxParticipants"": 100, ""status"": 1, ""recordingUrl"": ""url"", ""recordingStatus"": 3, ""attendeeCount"": 45, ""isJoined"": false}",Bearer Token,Student,"200: Success, 401: Unauthorized, 403: Not enrolled, 404: Live class not found",Include join status and meeting details
Live Classes,/api/live-classes,POST,Create new live class,"{""courseId"": ""int"", ""title"": ""string"", ""description"": ""string"", ""scheduledAt"": ""datetime"", ""durationMinutes"": ""int"", ""maxParticipants"": ""int"", ""meetingUrl"": ""string"", ""meetingId"": ""string"", ""meetingPassword"": ""string""}","{""success"": true, ""liveClass"": {""id"": 1, ""title"": ""Live Class Title""}}",Bearer Token,Instructor,"201: Created, 400: Invalid data, 401: Unauthorized, 403: Forbidden",Only course owner can create live classes
Live Classes,/api/live-classes/:id,PUT,Update live class,"{""title"": ""string"", ""description"": ""string"", ""scheduledAt"": ""datetime"", ""durationMinutes"": ""int"", ""maxParticipants"": ""int"", ""status"": ""int""}","{""success"": true, ""liveClass"": {""updated_live_class_data""}}",Bearer Token,Instructor,"200: Success, 400: Invalid data, 401: Unauthorized, 403: Forbidden, 404: Live class not found",Only class owner can update
Live Classes,/api/live-classes/:id,DELETE,Delete live class,None,"{""success"": true, ""message"": ""Live class deleted successfully""}",Bearer Token,Instructor,"200: Success, 401: Unauthorized, 403: Forbidden, 404: Live class not found",Only if no participants joined
Live Classes,/api/live-classes/:id/join,POST,Join live class,None,"{""success"": true, ""participant"": {""id"": 1, ""liveClassId"": 1, ""userId"": 1, ""joinedAt"": ""datetime""}, ""meetingUrl"": ""url"", ""meetingPassword"": ""password""}",Bearer Token,Student,"201: Created, 400: Class full/not started, 401: Unauthorized, 403: Not enrolled, 404: Live class not found",Create participant record and return meeting info
Live Classes,/api/live-classes/:id/leave,POST,Leave live class,"{""attendanceDuration"": ""int""}","{""success"": true, ""message"": ""Left live class successfully""}",Bearer Token,Student,"200: Success, 401: Unauthorized, 404: Participation not found",Update attendance duration

Orders,/api/orders,GET,Get user orders,Query: ?status=1&limit=20&offset=0,"{""orders"": [{""id"": 1, ""orderCode"": ""ORD-2024-001"", ""totalAmount"": 299000, ""discountAmount"": 29900, ""taxAmount"": 0, ""status"": 1, ""paymentMethod"": ""vnpay"", ""paymentGateway"": ""vnpay"", ""paidAt"": ""datetime"", ""items"": [{""id"": 1, ""itemType"": ""Course"", ""itemName"": ""Course Title"", ""price"": 299000}], ""createdAt"": ""datetime""}], ""total"": 5, ""hasMore"": false}",Bearer Token,Student,"200: Success, 401: Unauthorized",Show user's orders only
Orders,/api/orders/:id,GET,Get order details,None,"{""id"": 1, ""orderCode"": ""ORD-2024-001"", ""totalAmount"": 299000, ""discountAmount"": 29900, ""taxAmount"": 0, ""status"": 1, ""paymentMethod"": ""vnpay"", ""paymentGateway"": ""vnpay"", ""transactionId"": ""TXN123"", ""paidAt"": ""datetime"", ""coupon"": {""code"": ""SAVE10"", ""discountValue"": 10}, ""items"": [{""id"": 1, ""itemId"": 1, ""itemType"": ""Course"", ""itemName"": ""Course Title"", ""price"": 299000}], ""billingAddress"": {}, ""createdAt"": ""datetime""}",Bearer Token,Student,"200: Success, 401: Unauthorized, 403: Not your order, 404: Order not found",Include full order details
Orders,/api/orders,POST,Create new order,"{""items"": [{""itemId"": 1, ""itemType"": ""Course""}], ""couponCode"": ""SAVE10"", ""paymentMethod"": ""vnpay"", ""billingAddress"": {}}","{""success"": true, ""order"": {""id"": 1, ""orderCode"": ""ORD-2024-001"", ""totalAmount"": 269100, ""paymentUrl"": ""https://payment-gateway.com/pay/xxx""}}",Bearer Token,Student,"201: Created, 400: Invalid items/coupon, 401: Unauthorized",Calculate total with discounts and generate payment URL
Orders,/api/orders/:id/cancel,PUT,Cancel order,None,"{""success"": true, ""message"": ""Order cancelled successfully""}",Bearer Token,Student,"200: Success, 400: Cannot cancel, 401: Unauthorized, 403: Not your order, 404: Order not found",Only unpaid orders can be cancelled
Orders,/api/orders/:id/payment-callback,POST,Handle payment callback,"{""transactionId"": ""string"", ""status"": ""string"", ""signature"": ""string""}","{""success"": true, ""order"": {""id"": 1, ""status"": 2, ""paidAt"": ""datetime""}}",None,None,"200: Success, 400: Invalid signature, 404: Order not found",Verify payment and update order status

Cart,/api/cart,GET,Get user's cart items,None,"{""cartItems"": [{""id"": 1, ""itemId"": 1, ""itemType"": 1, ""item"": {""id"": 1, ""title"": ""Course Title"", ""price"": 299000, ""thumbnail"": ""url""}, ""addedAt"": ""datetime""}], ""totalItems"": 2, ""totalAmount"": 598000}",Bearer Token,Student,"200: Success, 401: Unauthorized",Calculate total amount
Cart,/api/cart,POST,Add item to cart,"{""itemId"": ""int"", ""itemType"": ""int""}","{""success"": true, ""cartItem"": {""id"": 1, ""itemId"": 1, ""itemType"": 1}}",Bearer Token,Student,"201: Created, 400: Already in cart, 401: Unauthorized, 404: Item not found",Check if item exists and not already owned
Cart,/api/cart/:id,DELETE,Remove item from cart,None,"{""success"": true, ""message"": ""Item removed from cart""}",Bearer Token,Student,"200: Success, 401: Unauthorized, 404: Cart item not found",Only user's own cart items
Cart,/api/cart/clear,DELETE,Clear all cart items,None,"{""success"": true, ""message"": ""Cart cleared successfully""}",Bearer Token,Student,"200: Success, 401: Unauthorized",Remove all items from user's cart

Categories,/api/categories,GET,Get all categories,Query: ?parentId=1&includeInactive=false,"{""categories"": [{""id"": 1, ""name"": ""Mathematics"", ""description"": ""Math courses and books"", ""parentId"": null, ""icon"": ""math-icon"", ""isActive"": true, ""courseCount"": 50, ""bookCount"": 25, ""children"": [{""id"": 2, ""name"": ""Algebra"", ""parentId"": 1}]}]}",None,None,"200: Success, 400: Invalid parameters",Include hierarchical structure and counts
Categories,/api/categories/:id,GET,Get category details,None,"{""id"": 1, ""name"": ""Mathematics"", ""description"": ""Math courses and books"", ""parentId"": null, ""icon"": ""math-icon"", ""isActive"": true, ""courseCount"": 50, ""bookCount"": 25, ""path"": [""Mathematics""], ""children"": [], ""courses"": [], ""books"": []}",None,None,"200: Success, 404: Category not found",Include related courses and books
Categories,/api/categories,POST,Create new category,"{""name"": ""string"", ""description"": ""string"", ""parentId"": ""int"", ""icon"": ""string""}","{""success"": true, ""category"": {""id"": 1, ""name"": ""Category Name""}}",Bearer Token,Admin,"201: Created, 400: Invalid data, 401: Unauthorized, 403: Forbidden",Admin only
Categories,/api/categories/:id,PUT,Update category,"{""name"": ""string"", ""description"": ""string"", ""parentId"": ""int"", ""icon"": ""string"", ""isActive"": ""boolean""}","{""success"": true, ""category"": {""updated_category_data""}}",Bearer Token,Admin,"200: Success, 400: Invalid data, 401: Unauthorized, 403: Forbidden, 404: Category not found",Admin only
Categories,/api/categories/:id,DELETE,Delete category,None,"{""success"": true, ""message"": ""Category deleted successfully""}",Bearer Token,Admin,"200: Success, 400: Has children/content, 401: Unauthorized, 403: Forbidden, 404: Category not found",Cannot delete if has courses/books

Notifications,/api/notifications,GET,Get user notifications,Query: ?isRead=false&limit=20&offset=0,"{""notifications"": [{""id"": 1, ""title"": ""New course available"", ""message"": ""Check out the new math course"", ""type"": 1, ""actionUrl"": ""/courses/1"", ""isRead"": false, ""createdAt"": ""datetime""}], ""total"": 10, ""unreadCount"": 5, ""hasMore"": false}",Bearer Token,Any,"200: Success, 401: Unauthorized",Include unread count
Notifications,/api/notifications/:id/mark-read,PUT,Mark notification as read,None,"{""success"": true, ""message"": ""Notification marked as read""}",Bearer Token,Any,"200: Success, 401: Unauthorized, 404: Notification not found",Update isRead flag
Notifications,/api/notifications/mark-all-read,PUT,Mark all notifications as read,None,"{""success"": true, ""message"": ""All notifications marked as read""}",Bearer Token,Any,"200: Success, 401: Unauthorized",Update all user's notifications
Notifications,/api/notifications,POST,Create notification (system),"{""userId"": ""int"", ""title"": ""string"", ""message"": ""string"", ""type"": ""int"", ""actionUrl"": ""string""}","{""success"": true, ""notification"": {""id"": 1, ""title"": ""Notification Title""}}",Bearer Token,Admin,"201: Created, 400: Invalid data, 401: Unauthorized, 403: Forbidden",Admin only - for system notifications

Reviews,/api/reviews,GET,Get reviews with filters,Query: ?itemType=1&itemId=1&rating=5&limit=20&offset=0,"{""reviews"": [{""id"": 1, ""userId"": 1, ""user"": {""username"": ""user1"", ""fullName"": ""John Doe"", ""avatar"": ""url""}, ""itemType"": 1, ""itemId"": 1, ""rating"": 5, ""reviewTitle"": ""Great course!"", ""reviewContent"": ""Very helpful content"", ""isVerifiedPurchase"": true, ""helpfulCount"": 10, ""createdAt"": ""datetime""}], ""total"": 50, ""averageRating"": 4.5, ""ratingDistribution"": {""5"": 25, ""4"": 15, ""3"": 5, ""2"": 3, ""1"": 2}, ""hasMore"": true}",None,None,"200: Success, 400: Invalid parameters",Public endpoint with rating statistics
Reviews,/api/reviews,POST,Create new review,"{""itemType"": ""int"", ""itemId"": ""int"", ""rating"": ""int"", ""reviewTitle"": ""string"", ""reviewContent"": ""string""}","{""success"": true, ""review"": {""id"": 1, ""rating"": 5, ""reviewTitle"": ""Great course!""}}",Bearer Token,Student,"201: Created, 400: Already reviewed/Invalid data, 401: Unauthorized, 403: Not purchased",Check purchase/enrollment before allowing review
Reviews,/api/reviews/:id,PUT,Update review,"{""rating"": ""int"", ""reviewTitle"": ""string"", ""reviewContent"": ""string""}","{""success"": true, ""review"": {""updated_review_data""}}",Bearer Token,Student,"200: Success, 400: Invalid data, 401: Unauthorized, 403: Not your review, 404: Review not found",Only review owner can update
Reviews,/api/reviews/:id,DELETE,Delete review,None,"{""success"": true, ""message"": ""Review deleted successfully""}",Bearer Token,Student,"200: Success, 401: Unauthorized, 403: Not your review, 404: Review not found",Only review owner can delete
Reviews,/api/reviews/:id/helpful,POST,Mark review as helpful,None,"{""success"": true, ""message"": ""Review marked as helpful""}",Bearer Token,Any,"200: Success, 400: Already marked, 401: Unauthorized, 404: Review not found",Increment helpful count

Analytics,/api/analytics/dashboard,GET,Get dashboard analytics,Query: ?period=30d,"{""totalUsers"": 1000, ""activeUsers"": 750, ""newRegistrations"": 50, ""totalCourses"": 100, ""totalBooks"": 50, ""totalRevenue"": 50000000, ""revenueGrowth"": 15.5, ""topCourses"": [{""id"": 1, ""title"": ""Course Title"", ""enrollments"": 200}], ""topBooks"": [{""id"": 1, ""title"": ""Book Title"", ""sales"": 100}], ""userGrowth"": [{""date"": ""2024-01-01"", ""count"": 10}], ""revenueChart"": [{""date"": ""2024-01-01"", ""amount"": 1000000}]}",Bearer Token,Admin,"200: Success, 401: Unauthorized, 403: Forbidden",Admin only - comprehensive dashboard stats
Analytics,/api/analytics/courses/:id,GET,Get course analytics,Query: ?period=30d,"{""courseId"": 1, ""totalEnrollments"": 200, ""activeStudents"": 150, ""completionRate"": 75, ""averageProgress"": 60, ""rating"": 4.5, ""totalRevenue"": 10000000, ""enrollmentTrend"": [{""date"": ""2024-01-01"", ""count"": 5}], ""progressDistribution"": {""0-25"": 20, ""26-50"": 30, ""51-75"": 50, ""76-100"": 100}, ""lessonEngagement"": [{""lessonId"": 1, ""completionRate"": 80}]}",Bearer Token,Instructor,"200: Success, 401: Unauthorized, 403: Forbidden, 404: Course not found",Course owner or admin only
Analytics,/api/analytics/instructor/:id,GET,Get instructor analytics,Query: ?period=30d,"{""instructorId"": 1, ""totalCourses"": 10, ""totalBooks"": 5, ""totalStudents"": 500, ""totalRevenue"": 25000000, ""totalEarnings"": 7500000, ""averageRating"": 4.3, ""coursePerformance"": [{""courseId"": 1, ""title"": ""Course Title"", ""enrollments"": 100, ""revenue"": 5000000}], ""monthlyEarnings"": [{""month"": ""2024-01"", ""earnings"": 2000000}], ""studentFeedback"": {""positive"": 85, ""neutral"": 10, ""negative"": 5}}",Bearer Token,Instructor/Admin,"200: Success, 401: Unauthorized, 403: Forbidden",Own data or admin only

Admin,/api/admin/users,GET,Get all users with filters,Query: ?role=1&isActive=true&search=john&limit=20&offset=0,"{""users"": [{""id"": 1, ""username"": ""user1"", ""email"": ""user@email.com"", ""fullName"": ""John Doe"", ""role"": 1, ""isActive"": true, ""emailVerified"": true, ""lastLogin"": ""datetime"", ""createdAt"": ""datetime""}], ""total"": 100, ""hasMore"": true}",Bearer Token,Admin,"200: Success, 401: Unauthorized, 403: Forbidden",Admin only
Admin,/api/admin/users/:id,PUT,Update user (admin),"{""role"": ""int"", ""isActive"": ""boolean"", ""emailVerified"": ""boolean""}","{""success"": true, ""user"": {""updated_user_data""}}",Bearer Token,Admin,"200: Success, 400: Invalid data, 401: Unauthorized, 403: Forbidden, 404: User not found",Admin can change role and status
Admin,/api/admin/content/pending,GET,Get pending content for review,Query: ?type=course&limit=20&offset=0,"{""content"": [{""id"": 1, ""type"": ""course"", ""title"": ""Course Title"", ""instructor"": {""name"": ""Instructor Name""}, ""submittedAt"": ""datetime"", ""status"": ""pending""}], ""total"": 10, ""hasMore"": false}",Bearer Token,Admin,"200: Success, 401: Unauthorized, 403: Forbidden",Admin only
Admin,/api/admin/content/:type/:id/approve,PUT,Approve content,"{""reviewNotes"": ""string"", ""qualityScore"": ""int""}","{""success"": true, ""message"": ""Content approved successfully""}",Bearer Token,Admin,"200: Success, 400: Invalid data, 401: Unauthorized, 403: Forbidden, 404: Content not found",Admin only
Admin,/api/admin/content/:type/:id/reject,PUT,Reject content,"{""rejectionReason"": ""string"", ""reviewNotes"": ""string""}","{""success"": true, ""message"": ""Content rejected""}",Bearer Token,Admin,"200: Success, 400: Missing reason, 401: Unauthorized, 403: Forbidden, 404: Content not found",Admin only

File Upload,/api/upload/image,POST,Upload image file,FormData with image file,"{""success"": true, ""url"": ""https://cdn.example.com/images/file123.jpg"", ""filename"": ""file123.jpg"", ""size"": 1024000}",Bearer Token,Any,"200: Success, 400: Invalid file, 413: File too large, 415: Unsupported format",Support JPG/PNG/WebP, max 10MB
File Upload,/api/upload/video,POST,Upload video file,FormData with video file,"{""success"": true, ""url"": ""https://cdn.example.com/videos/video123.mp4"", ""filename"": ""video123.mp4"", ""size"": 104857600, ""duration"": 1800}",Bearer Token,Instructor/Admin,"200: Success, 400: Invalid file, 413: File too large, 415: Unsupported format",Support MP4/WebM, max 500MB
File Upload,/api/upload/document,POST,Upload document file,FormData with document file,"{""success"": true, ""url"": ""https://cdn.example.com/docs/doc123.pdf"", ""filename"": ""doc123.pdf"", ""size"": 5242880}",Bearer Token,Any,"200: Success, 400: Invalid file, 413: File too large, 415: Unsupported format",Support PDF/DOC/DOCX, max 50MB
File Upload,/api/upload/ebook,POST,Upload ebook file,FormData with ebook file,"{""success"": true, ""url"": ""https://cdn.example.com/ebooks/ebook123.pdf"", ""filename"": ""ebook123.pdf"", ""size"": 10485760}",Bearer Token,Instructor/Admin,"200: Success, 400: Invalid file, 413: File too large, 415: Unsupported format",Support PDF/EPUB, max 100MB

Search,/api/search,GET,Global search,Query: ?q=mathematics&type=all&limit=20&offset=0,"{""results"": {""courses"": [{""id"": 1, ""title"": ""Mathematics Course"", ""type"": ""course"", ""thumbnail"": ""url"", ""instructor"": ""John Doe"", ""rating"": 4.5}], ""books"": [{""id"": 1, ""title"": ""Math Book"", ""type"": ""book"", ""coverImage"": ""url"", ""author"": ""Jane Smith"", ""price"": 299000}], ""instructors"": [{""id"": 1, ""name"": ""John Doe"", ""type"": ""instructor"", ""avatar"": ""url"", ""specialization"": ""Mathematics""}]}, ""total"": 50, ""hasMore"": true}",None,None,"200: Success, 400: Invalid query",Search across courses, books, and instructors
Search,/api/search/suggestions,GET,Get search suggestions,Query: ?q=mat,"{""suggestions"": [""mathematics"", ""material science"", ""matrix theory""], ""popular"": [""calculus"", ""algebra"", ""geometry""]}",None,None,"200: Success, 400: Invalid query",Autocomplete suggestions based on popular searches

System,/api/system/settings,GET,Get system settings,None,"{""settings"": [{""key"": ""site_name"", ""value"": ""Khởi Trí Số"", ""type"": 1, ""isPublic"": true}, {""key"": ""max_file_size"", ""value"": ""10485760"", ""type"": 2, ""isPublic"": false}]}",Bearer Token,Admin,"200: Success, 401: Unauthorized, 403: Forbidden",Admin only - include public settings for all users
System,/api/system/settings,PUT,Update system settings,"{""settings"": [{""key"": ""site_name"", ""value"": ""New Site Name""}, {""key"": ""max_file_size"", ""value"": ""20971520""}]}","{""success"": true, ""message"": ""Settings updated successfully""}",Bearer Token,Admin,"200: Success, 400: Invalid settings, 401: Unauthorized, 403: Forbidden",Admin only
System,/api/system/health,GET,System health check,None,"{""status"": ""healthy"", ""timestamp"": ""datetime"", ""services"": {""database"": ""healthy"", ""redis"": ""healthy"", ""storage"": ""healthy""}, ""version"": ""1.0.0""}",None,None,"200: Success, 503: Service unavailable",Public endpoint for monitoring
System,/api/system/stats,GET,System statistics,None,"{""totalUsers"": 10000, ""totalCourses"": 500, ""totalBooks"": 200, ""totalOrders"": 5000, ""systemUptime"": 86400, ""storageUsed"": ""50GB"", ""lastBackup"": ""datetime""}",Bearer Token,Admin,"200: Success, 401: Unauthorized, 403: Forbidden",Admin only
